ImageId,EncodedPixels,ClassId
9fb955c5e37ad1fd7c610c931c3bc714,1 1 513 1 641 1 769 1 897 1 1025 1 1153 1 1281 1 1793 1 1921 1,3
9fb955c5e37ad1fd7c610c931c3bc714,2 124 129 127 257 127 385 127 514 126 642 126 770 126 898 126 1026 127 1154 126 1282 510 1794 127 1922 126 2049 511 2561 1791 4353 65 4419 61 4481 65 4547 2 4550 124 4675 1 4677 59 4737 58 4797 5 4805 125 4931 1 4933 123 5057 127 5185 129 5315 127 5444 126 5572 119 5692 5 5700 125 5828 125 5955 126 6083 126 6211 111 6323 14 6338 3 6342 123 6466 3 6470 123 6594 118 6713 120 6834 4 6841 7 6849 119 6969 7 6977 4 6982 122 7106 3 7110 4 7115 10 7126 118 7245 100 7346 26 7373 5 7379 121 7501 4 7507 126 7635 383 8019 127 8148 886 9035 115 9151 11 9163 115 9279 127 9407 4929 14337 127 14465 127 14593 127 14721 127 14849 127 14977 127 15105 127 15233 127 15361 127 15489 127 15617 127 15745 127 15874 126 16002 126 16131 125 16260 123,27
9fb955c5e37ad1fd7c610c931c3bc714,126 3 384 1 16128 1,7
9fb955c5e37ad1fd7c610c931c3bc714,256 1 2048 1,34
9fb955c5e37ad1fd7c610c931c3bc714,512 1 640 1 768 1 14336 1 14464 1 14592 1 14720 1 14848 1 14976 1 15104 1 15232 1 15360 1 15488 1 15616 1 15744 1 15872 1 16000 1 16256 1 16383 2,36
9fb955c5e37ad1fd7c610c931c3bc714,896 1 1024 1 1280 1 1792 1 2560 1 4736 1,43
9fb955c5e37ad1fd7c610c931c3bc714,4352 1,2
9fb955c5e37ad1fd7c610c931c3bc714,4418 1 4546 1 4549 1 4674 1 4676 1 4795 2 4802 3 4930 1 4932 1 5056 1 5184 1 5314 1 5442 2 5570 2 5691 1 5697 3 5825 3 5953 2 6081 2 6209 2 6322 1 6337 1 6341 1 6465 1 6469 1 6593 1 6712 1 6833 1 6838 3 6848 1 6968 1 6976 1 6981 1 7104 2 7109 1 7114 1 7125 1 7244 1 7345 1 7372 1 7378 1 7500 1 7505 2 7633 2 8018 1 8146 2 9034 1 9150 1 9162 1 9278 1 9406 1,10
9fb955c5e37ad1fd7c610c931c3bc714,4480 1,39
9fb955c5e37ad1fd7c610c931c3bc714,15873 1 16001 1 16129 2 16257 3,6
51574b5466c208f0893d73f5206b0134,1 2 9426 1,7
51574b5466c208f0893d73f5206b0134,3 125 129 127 257 127 385 127 513 767 1281 127 1409 127 1537 767 2305 1849 4155 125 4286 119 4414 117 4538 18 4557 107 4666 16 4685 107 4793 3 4798 10 4811 1 4813 100 4914 6 4927 7 4938 103 5043 4 5055 5 5066 108 5182 3 5194 106 5310 1 5321 107 5449 107 5565 1 5575 108 5685 1 5703 108 5831 109 5959 5 5965 103 6087 2 6090 1 6093 103 6215 2 6218 1 6221 104 6346 1 6353 100 6474 2 6481 101 6607 103 6734 100 6835 2 6860 102 6963 2 6991 102 7094 1 7119 104 7247 104 7375 104 7502 109 7626 1 7628 1 7630 108 7753 2 7758 50 7809 57 7880 3 7885 51 7937 59 7997 3 8008 3 8013 51 8065 62 8136 1 8138 1 8141 51 8193 59 8253 2 8267 112 8394 114 8522 113 8651 113 8766 1 8779 53 8833 59 8894 1 8907 4 8913 110 9034 4 9041 110 9163 3 9167 112 9289 118 9417 4 9423 3 9427 108 9545 118 9672 56 9729 63 9796 2 9800 56 9857 63 9924 2 9928 56 9985 63 10052 2 10056 56 10113 64 10181 1 10185 55 10241 64 10308 2 10312 56 10369 64 10436 2 10440 121 10565 124 10693 124 10821 124 10950 123 11078 123 11206 123 11334 58 11393 66 11462 58 11521 67 11590 125 11718 126 11846 124 11973 59 12033 65 12101 59 12161 67 12229 3003 15233 127 15361 127 15489 127 15617 127 15745 127 15874 126 16002 126 16130 125 16259 124,27
51574b5466c208f0893d73f5206b0134,128 1 256 1 384 1 512 1 6834 1 6962 1,34
51574b5466c208f0893d73f5206b0134,1280 1 1408 1 1536 1 2304 1 7808 1 7936 1 8064 1 8192 1 8832 1 9728 1 9856 1 10112 1 10240 1 10368 1 12032 1 12160 1,43
51574b5466c208f0893d73f5206b0134,4154 1 4280 6 4405 9 4531 7 4556 1 4664 2 4682 3 4792 1 4796 2 4808 3 4812 1 4913 1 4920 7 4934 4 5041 2 5047 8 5060 6 5174 8 5185 9 5300 10 5311 10 5428 21 5556 9 5566 9 5683 2 5686 17 5811 20 5940 19 5964 1 6068 19 6089 1 6091 2 6196 19 6217 1 6219 2 6325 21 6347 6 6453 21 6476 5 6582 25 6710 24 6837 23 6965 26 7093 1 7095 24 7223 24 7351 24 7479 23 7611 15 7627 1 7629 1 7738 15 7755 3 7866 14 7883 2 7996 1 8000 8 8011 2 8127 9 8137 1 8139 2 8252 1 8255 12 8379 15 8508 14 8635 16 8764 2 8767 12 8892 2 8895 12 8911 2 9023 11 9038 3 9151 12 9166 1 9279 10 9407 10 9421 2 9535 10 9663 9 9792 4 9798 2 9920 4 9926 2 10048 4 10054 2 10177 4 10182 3 10305 3 10310 2 10433 3 10438 2 10561 4 10689 4 10817 4 10945 5 11073 5 11201 5 11329 5 11459 3 11588 2 11715 3 11844 2 11970 3 12098 3,10
51574b5466c208f0893d73f5206b0134,9984 1 11392 1 11520 1,39
51574b5466c208f0893d73f5206b0134,12228 1 15873 1 16001 1 16129 1 16257 2,6
51574b5466c208f0893d73f5206b0134,15232 1 15360 1 15488 1 15616 1 15744 1 15872 1 16000 1 16128 1 16256 1 16383 2,36
51574b5466c208f0893d73f5206b0134,16255 1,2
fcc71ab647c43d3bdae6ba5e9349464d,1 1 385 1 513 1 641 1 16129 1 16259 1,3
fcc71ab647c43d3bdae6ba5e9349464d,2 126 129 127 257 127 386 127 514 127 642 126 769 4804 5575 126 5703 125 5830 127 5958 121 6081 4 6086 120 6209 123 6337 122 6461 2 6464 123 6588 15 6604 124 6731 126 6861 113 6975 7 6984 2 6989 112 7103 6 7112 1 7117 111 7231 2 7235 2 7245 113 7359 2 7363 2 7370 1 7373 113 7487 2 7491 2 7501 110 7612 1 7615 2 7619 1 7629 110 7744 1 7747 1 7757 108 7872 1 7875 1 7883 1 7885 108 8000 1 8003 1 8013 108 8131 1 8141 108 8254 1 8259 1 8269 108 8378 1 8382 1 8387 2 8397 107 8518 1 8525 107 8646 1 8653 107 8781 107 8902 1 8909 107 9037 107 9154 1 9165 107 9293 106 9421 106 9549 106 9677 106 9804 108 9932 107 10060 107 10188 107 10316 107 10444 108 10572 108 10701 106 10809 1 10829 106 10937 1 10954 1 10956 109 11082 1 11084 110 11209 2 11212 110 11336 112 11461 115 11583 2 11589 111 11702 2 11705 1 11718 118 11846 117 11967 1 11973 116 12090 2 12095 2 12098 115 12214 2 12218 2 12223 2 12226 6 12235 109 12363 110 12490 112 12614 114 12741 115 12871 114 12987 1 13000 1 13002 114 13130 114 13258 114 13385 115 13513 116 13641 118 13765 1 13769 118 13889 2 13892 2 13897 118 14017 2 14020 2 14025 118 14145 2 14148 2 14152 126 14280 126 14408 127 14536 127 14664 1336 16001 127 16130 125 16260 62 16323 59,27
fcc71ab647c43d3bdae6ba5e9349464d,128 1 256 1 16000 1,39
fcc71ab647c43d3bdae6ba5e9349464d,384 1 8134 1,34
fcc71ab647c43d3bdae6ba5e9349464d,768 1,18
fcc71ab647c43d3bdae6ba5e9349464d,5573 2 5701 2 5828 2 5957 1 6079 2 6085 1 6206 3 6332 5 6459 2 6463 1 6587 1 6603 1 6728 3 6857 4 6974 1 6982 2 6986 3 7101 2 7109 3 7113 4 7228 3 7233 2 7237 8 7358 1 7361 2 7365 5 7371 2 7486 1 7489 2 7493 8 7611 1 7613 2 7617 2 7620 9 7739 5 7745 2 7748 9 7865 7 7873 2 7876 2 7879 4 7884 1 7993 7 8001 2 8004 9 8121 10 8132 2 8135 6 8249 5 8255 4 8260 9 8377 1 8379 3 8383 4 8389 8 8504 14 8519 6 8632 14 8647 6 8760 21 8888 14 8903 6 9016 21 9144 10 9155 10 9272 21 9399 22 9527 22 9655 22 9783 21 9912 20 10039 21 10167 21 10295 21 10423 21 10552 20 10680 21 10807 2 10810 19 10935 2 10938 16 10955 1 11065 17 11083 1 11194 15 11211 1 11322 14 11448 6 11455 6 11576 6 11585 4 11700 2 11706 1 11836 5 11963 4 11968 5 12089 1 12092 3 12097 1 12213 1 12216 2 12220 3 12225 1 12232 3 12344 19 12473 17 12602 12 12728 13 12856 15 12985 2 12988 12 13001 1 13116 14 13244 14 13372 13 13500 13 13629 12 13759 6 13766 3 13887 2 13891 1 13894 3 14015 2 14019 1 14022 3 14143 2 14147 1 14150 2 14278 2 14406 2 14535 1 14663 1 16257 2 16322 1,10
fcc71ab647c43d3bdae6ba5e9349464d,7878 1 11454 1 11582 1 11707 1,7
fcc71ab647c43d3bdae6ba5e9349464d,11704 1 11708 10 11841 5,6
fcc71ab647c43d3bdae6ba5e9349464d,16128 1 16255 2 16382 3,2
0b48b477aa4075c5489c5bfb0df35017,1 2,7
0b48b477aa4075c5489c5bfb0df35017,3 4407 4411 4 4416 122 4539 3 4544 5 4551 117 4671 4 4676 1 4678 1 4681 113 4799 2 4804 3 4810 112 4925 3 4932 3 4938 112 5052 2 5055 1 5058 2 5061 2 5065 113 5180 10 5192 112 5307 11 5319 114 5436 10 5447 115 5565 2 5568 5 5575 110 5686 13 5700 4 5706 126 5834 126 5961 129 6091 3 6097 223 6321 9 6332 245 6578 127 6706 29 6736 110 6847 124 6972 2 6975 122 7100 3 7106 3 7111 8 7121 99 7223 2 7228 3 7234 2 7238 12 7251 96 7355 1 7358 4 7366 4 7372 2 7375 98 7477 1 7482 2 7489 1 7494 106 7605 2 7619 109 7733 3 7740 1 7746 1 7749 1 7751 6 7758 99 7858 2 7862 4 7868 1 7874 1 7880 108 7991 3 7998 1 8007 108 8119 3 8126 3 8134 104 8240 3 8244 14 8259 2 8263 3 8267 99 8367 10 8378 8 8387 2 8396 122 8519 5 8525 232 8760 128 8889 142 9034 102 9137 22 9161 126 9288 1148 10439 124 10567 125 10695 125 10823 5049 15873 127 16001 127 16129 127 16259 124,27
0b48b477aa4075c5489c5bfb0df35017,4410 1 4415 1 4538 1 4542 2 4549 2 4668 3 4675 1 4677 1 4679 2 4794 5 4801 3 4807 3 4922 3 4928 4 4935 3 5050 2 5054 1 5056 2 5060 1 5063 2 5178 2 5190 2 5304 3 5318 1 5433 3 5446 1 5562 3 5567 1 5573 2 5685 1 5699 1 5704 2 5832 2 5960 1 6090 1 6094 3 6320 1 6330 2 6577 1 6705 1 6735 1 6846 1 6971 1 6974 1 7097 3 7103 3 7109 2 7119 2 7220 3 7225 3 7231 3 7236 2 7250 1 7347 5 7353 2 7356 2 7362 4 7370 2 7374 1 7473 4 7478 4 7484 5 7490 4 7600 5 7607 12 7728 5 7736 4 7741 5 7747 2 7750 1 7757 1 7857 1 7860 2 7866 2 7869 5 7875 5 7988 3 7994 4 7999 8 8115 4 8122 4 8129 5 8238 2 8243 1 8258 1 8261 2 8266 1 8366 1 8377 1 8386 1 8389 7 8518 1 8524 1 8757 3 8888 1 9031 3 9136 1 9159 2 9287 1 10436 3 10563 4 10692 3 10820 3,10
0b48b477aa4075c5489c5bfb0df35017,7352 1,43
0b48b477aa4075c5489c5bfb0df35017,15872 1 16000 1 16128 1 16256 1 16384 1,36
0b48b477aa4075c5489c5bfb0df35017,16257 2,6
0b48b477aa4075c5489c5bfb0df35017,16383 1,2
d596ec2c155fd18bb532077bf035701f,1 2 257 1 385 1 513 1 641 1,3
d596ec2c155fd18bb532077bf035701f,3 125 129 128 258 127 386 127 514 127 642 5422 6065 1 6068 36 6105 1 6107 115 6223 9 6234 116 6351 1765 8117 8011 16129 127 16259 124,27
d596ec2c155fd18bb532077bf035701f,128 1,34
d596ec2c155fd18bb532077bf035701f,6064 1 6066 2 6104 1 6106 1 6222 1 6232 2 6350 1 8116 1 16258 1,10
d596ec2c155fd18bb532077bf035701f,16128 1,43
d596ec2c155fd18bb532077bf035701f,16256 1 16383 2,2
d596ec2c155fd18bb532077bf035701f,16257 1,6
b9d34d7ecfc267888ad6eb0f20af3792,1 2 9654 1,7
b9d34d7ecfc267888ad6eb0f20af3792,3 125 129 127 257 127 386 126 513 255 769 127 897 3071 3969 45 4015 81 4097 51 4149 75 4225 51 4277 75 4353 39 4393 25 4419 100 4522 14 4537 8 4547 99 4653 19 4675 103 4782 8 4792 8 4802 105 4912 4 4919 9 4931 104 5041 2 5047 111 5177 7 5185 101 5305 5 5314 106 5421 2 5435 3 5439 112 5552 1 5564 5 5570 106 5678 3 5693 1 5699 99 5799 4 5805 3 5827 1 5829 2 5833 91 5927 2 5952 2 5955 97 6055 1 6080 100 6183 1 6205 2 6208 99 6311 1 6333 2 6336 100 6461 103 6589 104 6717 2 6720 102 6845 2 6849 5 6855 95 6973 1 6976 110 7101 1 7104 110 7215 1 7224 1 7232 108 7343 1 7347 2 7357 1 7362 110 7473 4 7485 119 7613 118 7735 1 7742 118 7863 2 7868 2 7871 119 8002 118 8131 61 8193 56 8252 3 8258 105 8364 2 8368 1 8373 117 8491 7 8499 21 8522 112 8636 112 8749 145 8895 133 9029 104 9136 1 9141 119 9268 121 9392 2 9395 23 9419 98 9520 134 9655 6 9663 1 9666 12 9679 95 9779 9 9791 1 9794 108 9907 8 9918 113 10032 2 10035 8 10045 118 10164 904 11069 125 11198 124 11323 1 11325 125 11451 1 11453 122 11577 126 11705 3911 15617 127 15745 127 15873 127 16001 127 16129 127 16259 124,27
b9d34d7ecfc267888ad6eb0f20af3792,128 1 256 1 384 1 512 1,34
b9d34d7ecfc267888ad6eb0f20af3792,385 1 4014 1 4392 1 4418 1 4519 3 4536 1 4545 2 4646 7 4672 3 4778 4 4790 2 4800 2 4907 5 4916 3 4928 3 5035 6 5043 4 5158 19 5184 1 5286 19 5310 4 5420 1 5423 12 5438 1 5551 1 5553 11 5569 1 5676 2 5681 12 5694 5 5798 1 5803 2 5808 19 5828 1 5831 2 5924 3 5929 23 5954 1 6052 3 6056 24 6180 3 6184 21 6207 1 6307 4 6312 21 6335 1 6436 25 6564 25 6693 24 6719 1 6822 23 6847 2 6854 1 6950 23 6974 2 7086 15 7102 2 7214 1 7216 8 7225 7 7340 3 7344 3 7349 8 7358 4 7472 1 7477 8 7604 9 7731 4 7736 6 7860 3 7865 3 7870 1 7990 12 8120 11 8249 3 8255 3 8363 1 8366 2 8369 4 8490 1 8498 1 8520 2 8634 2 8748 1 9028 1 9133 3 9137 4 9260 8 9389 3 9394 1 9418 1 9517 3 9661 2 9664 2 9678 1 9774 5 9788 3 9792 2 9902 5 9915 3 10031 1 10034 1 10043 2 10163 1 11068 1 11194 4 11322 1 11324 1 11450 1 11452 1 11575 2 11703 2,10
b9d34d7ecfc267888ad6eb0f20af3792,768 1 896 1,18
b9d34d7ecfc267888ad6eb0f20af3792,3968 1 4096 1 4224 1 4352 1 8192 1,39
b9d34d7ecfc267888ad6eb0f20af3792,4148 1 8894 1 16257 2,6
b9d34d7ecfc267888ad6eb0f20af3792,4276 1,43
b9d34d7ecfc267888ad6eb0f20af3792,15616 1 15744 1 15872 1 16000 1 16128 1 16256 1 16384 1,36
b9d34d7ecfc267888ad6eb0f20af3792,16383 1,2
0388345fc60c336a3fe94085490776e7,1 2,7
0388345fc60c336a3fe94085490776e7,3 125 129 512 642 3266 3909 119 4030 2 4033 121 4155 124 4280 1 4283 254 4538 123 4662 9 4673 130 4804 13 4819 96 4916 8 4926 3 4930 6 4937 105 5044 7 5056 3 5060 4 5065 5 5071 109 5181 1 5185 1 5189 121 5314 1 5318 117 5436 1 5441 4 5448 2 5451 110 5567 1 5569 5 5576 1 5579 8 5588 101 5695 1 5697 1 5699 2 5704 112 5818 2 5825 1 5827 1 5831 113 5946 3 5950 1 5953 1 5955 2 5959 112 6073 7 6083 3 6087 107 6195 4 6201 6 6211 111 6323 8 6332 3 6338 6 6345 108 6454 4 6460 3 6467 3 6471 3 6477 102 6580 6 6595 3 6600 2 6605 102 6708 5 6720 1 6723 3 6733 109 6851 3 6858 1 6861 102 6964 6 6980 2 6986 1 6990 101 7092 3 7097 2 7107 3 7114 1 7121 105 7235 7 7244 3 7248 105 7363 7 7371 110 7490 8 7499 104 7604 3 7608 1 7612 1 7614 1 7617 7 7626 103 7730 5 7739 1 7745 7 7754 3 7759 97 7858 5 7876 4 7881 1 7884 2 7887 104 7998 4 8004 7 8015 100 8116 3 8126 6 8133 6 8143 96 8240 9 8253 12 8267 2 8270 123 8394 123 8518 112 8631 5 8638 1 8644 114 8760 1 8771 115 8896 1 8899 115 9022 3 9026 14 9041 100 9150 6 9160 4 9166 103 9279 5 9285 1 9288 104 9393 5 9407 113 9522 3 9535 117 9663 8 9672 105 9779 1 9786 1 9791 114 9907 1 9911 1 9918 116 10035 1 10046 112 10159 5 10176 12 10189 90 10280 6 10287 4 10299 2 10305 109 10416 4 10427 4 10432 110 10545 2 10555 116 10673 3 10681 118 10800 4 10808 124 10935 120 11056 5 11063 7 11071 112 11184 6 11191 4 11201 110 11313 1 11317 4 11329 110 11442 2 11445 4 11461 107 11569 2 11574 6 11586 2 11589 106 11701 5 11708 1 11714 109 11825 9 11836 125 11963 124 12089 119 12209 6 12217 258 12476 126 12604 98 12705 25 12732 6 12739 1 12741 117 12859 4 12866 123 12994 123 13121 95 13218 32 13252 2 13255 121 13377 127 13508 124 13633 2623 16259 125,27
0388345fc60c336a3fe94085490776e7,128 1 6856 1,34
0388345fc60c336a3fe94085490776e7,641 1,3
0388345fc60c336a3fe94085490776e7,3908 1 4028 2 4032 1 4154 1 4279 1 4281 2 4537 1 4661 1 4671 2 4803 1 4817 2 4915 1 4924 2 4929 1 5042 2 5051 5 5059 1 5064 1 5070 1 5180 1 5182 2 5186 3 5310 4 5315 3 5435 1 5437 4 5445 3 5450 1 5561 6 5568 1 5574 2 5577 2 5587 1 5689 6 5696 1 5698 1 5701 3 5816 2 5820 5 5826 1 5828 3 5944 2 5949 1 5951 2 5954 1 5957 2 6071 2 6080 3 6086 1 6194 1 6199 2 6207 4 6322 1 6331 1 6335 3 6344 1 6453 1 6458 2 6463 4 6470 1 6474 3 6579 1 6586 9 6598 2 6602 3 6707 1 6713 7 6721 2 6726 7 6842 9 6854 2 6857 1 6859 2 6963 1 6970 10 6982 4 6987 3 7091 1 7095 2 7099 8 7110 4 7115 6 7226 9 7242 2 7247 1 7353 10 7370 1 7481 9 7498 1 7603 1 7607 1 7609 3 7613 1 7615 2 7624 2 7729 1 7735 4 7740 5 7752 2 7757 2 7856 2 7863 13 7880 1 7882 2 7886 1 7991 7 8002 2 8011 4 8115 1 8119 7 8132 1 8139 4 8239 1 8249 4 8265 2 8269 1 8393 1 8517 1 8630 1 8636 2 8639 5 8758 2 8761 10 8886 10 8897 2 9014 8 9025 1 9040 1 9141 9 9156 4 9164 2 9269 10 9284 1 9286 2 9392 1 9398 9 9520 2 9525 10 9652 11 9671 1 9777 2 9780 6 9787 4 9905 2 9908 3 9912 6 10034 1 10036 10 10158 1 10164 12 10188 1 10279 1 10286 1 10291 8 10301 4 10414 2 10420 7 10431 1 10542 3 10547 8 10671 2 10676 5 10799 1 10804 4 10932 3 11055 1 11061 2 11070 1 11183 1 11190 1 11195 6 11311 2 11314 3 11321 8 11439 3 11444 1 11449 12 11568 1 11571 3 11580 6 11588 1 11695 6 11706 2 11709 5 11823 2 11834 2 11961 2 12087 2 12208 1 12215 2 12475 1 12602 2 12702 3 12730 2 12738 1 12740 1 12858 1 12863 3 12989 5 13117 3 13216 2 13632 1,10
0388345fc60c336a3fe94085490776e7,4936 1 13120 1 13250 2 13254 1 13376 1 13504 4 16257 2,6
0388345fc60c336a3fe94085490776e7,5184 1,43
0388345fc60c336a3fe94085490776e7,16256 1 16384 1,2
b5082dc5bb6ea6277febfc0caec98869,1 1,7
b5082dc5bb6ea6277febfc0caec98869,2 126 129 127 257 6448 6708 122 6831 2 6835 4 6840 118 6962 3 6968 118 7091 1 7095 120 7223 120 7351 120 7473 2 7481 117 7601 125 7727 141 7869 115 7986 4 7994 118 8114 3 8120 1 8122 116 8242 3 8247 119 8369 125 8497 125 8624 126 8752 114 8867 13 8881 113 8995 11 9011 123 9142 109 9252 9 9272 1 9274 115 9399 118 9528 120 9657 119 9784 121 9911 122 10040 118 10160 1 10167 120 10288 1 10296 120 10418 1 10424 120 10545 3 10552 124 10680 126 10808 122 10933 2 10937 3 10942 118 11062 5 11070 118 11191 3 11198 119 11319 3 11325 124 11450 4 11455 1 11458 118 11578 3 11582 124 11707 4421 16129 127 16259 125,27
b5082dc5bb6ea6277febfc0caec98869,128 1,34
b5082dc5bb6ea6277febfc0caec98869,256 1,39
b5082dc5bb6ea6277febfc0caec98869,6705 3 6830 1 6833 2 6839 1 6958 4 6965 3 7086 5 7092 3 7215 8 7343 8 7471 2 7475 6 7598 3 7726 1 7868 1 7984 2 7990 4 8112 2 8117 3 8121 1 8238 4 8245 2 8366 3 8494 3 8622 2 8750 2 8866 1 8880 1 8994 1 9006 5 9134 8 9251 1 9261 11 9273 1 9389 10 9517 11 9648 9 9776 8 9905 6 10033 7 10158 2 10161 6 10287 1 10289 7 10416 2 10419 5 10544 1 10548 4 10676 4 10806 2 10930 3 10935 2 10940 2 11060 2 11067 3 11188 3 11194 4 11317 2 11322 3 11449 1 11454 1 11456 2 11576 2 11581 1 11706 1 16257 2,10
b5082dc5bb6ea6277febfc0caec98869,16128 1 16256 1 16384 1,2
84fae07c92d39a7347fadf145330f4bc,1 3 129 1,7
84fae07c92d39a7347fadf145330f4bc,4 122 130 125 257 127 385 127 513 127 641 639 1281 3235 4517 138 4656 126 4784 246 5031 1163 6195 120 6318 126 6447 119 6567 7 6578 1 6580 108 6691 3 6699 2 6708 107 6836 108 6948 1 6964 110 7089 112 7217 111 7346 110 7476 108 7603 77 7681 32 7730 110 7858 14 7873 96 7985 1 7988 109 8104 1 8117 110 8230 4 8241 1 8244 120 8369 122 8498 119 8626 2 8629 115 8754 117 8883 111 8995 3 9010 117 9138 113 9264 117 9391 113 9505 4 9518 2 9523 111 9635 4 9645 3 9652 110 9764 4 9769 10 9780 238 10019 125 10147 16 10164 8 10173 99 10274 16 10292 2 10295 122 10423 122 10551 122 10681 120 10805 1 10808 121 10933 2 10936 121 11061 123 11188 639 11828 127 11956 255 12212 127 12340 758 13099 1365 14465 127 14593 127 14721 127 14849 127 14977 127 15105 127 15233 511 15745 127 15873 127 16001 126 16130 125 16259 123 16383 1,27
84fae07c92d39a7347fadf145330f4bc,126 3 256 1 7680 1,34
84fae07c92d39a7347fadf145330f4bc,255 1,9
84fae07c92d39a7347fadf145330f4bc,384 1 512 1 640 1 1280 1,43
84fae07c92d39a7347fadf145330f4bc,4516 1 4655 1 4782 2 5030 1 6194 1 6315 3 6444 3 6566 1 6574 4 6579 1 6688 3 6694 5 6701 7 6815 21 6944 4 6949 15 7074 15 7201 16 7328 18 7456 20 7584 19 7713 17 7840 18 7872 1 7969 16 7986 2 8097 7 8105 12 8227 3 8234 7 8242 2 8364 5 8491 7 8617 9 8628 1 8744 10 8871 12 8994 1 8998 12 9127 11 9251 13 9381 10 9504 1 9509 9 9520 3 9634 1 9639 6 9648 4 9762 2 9768 1 9779 1 10018 1 10144 3 10163 1 10172 1 10272 2 10290 2 10294 1 10417 6 10545 6 10673 8 10801 4 10806 2 10929 4 10935 1 11057 4 11184 4 11827 1 11955 1 12211 1 12339 1 13098 1,10
84fae07c92d39a7347fadf145330f4bc,14464 1 14592 1 14720 1 14848 1 14976 1 15104 1 15232 1 15744 1 15872 1 16000 1 16127 2 16256 1,39
84fae07c92d39a7347fadf145330f4bc,16129 1 16257 2 16384 1,3
84fae07c92d39a7347fadf145330f4bc,16255 1 16382 1,2
8013b694ce0185715887693a5728c3aa,1 2 129 2 257 2 385 2 513 2 641 2 769 2 897 1 1025 1 1153 1 1281 1 1409 1 1537 1 1665 1 16001 1 16129 2 16257 3,3
8013b694ce0185715887693a5728c3aa,3 125 131 125 259 125 387 125 515 125 643 125 771 125 898 126 1026 127 1154 127 1282 127 1410 127 1538 127 1666 3514 5181 127 5309 2029 7339 126 7467 126 7597 125 7724 130 7855 26 7885 125 8013 227 8241 127 8369 1699 10069 127 10197 127 10325 255 10581 43 10625 83 10709 43 10753 857 11611 127 11740 126 11868 128 11997 163 12161 127 12289 127 12417 127 12545 127 12673 127 12801 127 12929 127 13057 127 13185 127 13313 127 13441 127 13569 127 13697 127 13825 127 13953 127 14081 127 14209 127 14337 127 14465 127 14593 127 14721 127 14849 1151 16002 126 16131 125 16260 123,27
8013b694ce0185715887693a5728c3aa,128 1 256 1 384 1 512 1,34
8013b694ce0185715887693a5728c3aa,640 1 768 1 896 1 1024 1 10624 1 10752 1 12160 1 12288 1 12416 1 12544 1 12672 1 12800 1 12928 1 13056 1 13184 1 13312 1 13440 1 13568 1 13696 1 13824 1 13952 1 14080 1 14208 1 14336 1 14464 1 14592 1 14720 1 14848 1,39
8013b694ce0185715887693a5728c3aa,5180 1 5308 1 7338 1 7465 2 7593 2 7596 1 7854 1 7881 4 8010 3 8240 1 10068 1 10196 1 10324 1 10580 1 10708 1 11610 1 11738 2 11866 2 11996 1,10
8013b694ce0185715887693a5728c3aa,7595 1 7722 2 8368 1,6
8013b694ce0185715887693a5728c3aa,16000 1 16128 1 16256 1 16383 2,2
733128db0ce4f09443fc561514458c7f,1 2 129 2 257 2 385 3 513 2 641 1 769 1 897 1,3
733128db0ce4f09443fc561514458c7f,3 125 131 125 259 125 388 125 515 126 642 127 770 127 898 3503 4402 251 4654 1 4657 123 4781 4 4786 1 4788 19 4808 105 4916 12 4930 1 4932 1 4934 1 4936 108 5045 1 5047 8 5058 5 5064 108 5173 131 5306 119 5426 127 5554 3 5558 123 5683 4 5690 119 5812 2 5816 1 5818 1 5822 2 5826 109 5936 2 5944 3 5948 3 5952 111 6064 3 6071 3 6075 4 6081 109 6192 4 6199 1 6201 7 6209 1 6211 107 6319 6 6329 5 6336 3 6342 107 6450 3 6456 6 6464 3 6469 108 6579 10 6592 109 6702 3 6706 130 6837 251 7093 126 7220 126 7348 5 7354 115 7470 2 7476 124 7604 3 7609 120 7734 117 7853 1 7855 3 7861 121 7985 127 8116 13 8130 2 8133 107 8249 11 8261 107 8379 116 8503 2 8506 116 8629 121 8757 122 8887 121 9014 9 9025 112 9141 122 9268 10 9279 109 9395 5 9401 5 9408 4 9413 103 9523 18 9543 101 9651 18 9671 101 9775 1 9779 21 9801 100 9903 1 9906 21 9929 100 10031 1 10033 124 10158 127 10286 2 10290 123 10414 1 10418 123 10542 2 10546 125 10673 381 11055 127 11184 126 11311 127 11439 1146 12586 384 12971 3029 16001 127 16129 127 16259 124,27
733128db0ce4f09443fc561514458c7f,128 1 6074 1,34
733128db0ce4f09443fc561514458c7f,256 1 384 1,39
733128db0ce4f09443fc561514458c7f,4401 1 4653 1 4655 2 4780 1 4785 1 4787 1 4807 1 4913 3 4928 2 4931 1 4933 1 4935 1 5044 1 5046 1 5055 3 5063 1 5172 1 5304 2 5425 1 5553 1 5557 1 5681 2 5687 3 5809 3 5814 2 5817 1 5819 3 5824 2 5935 1 5938 6 5947 1 5951 1 6063 1 6067 4 6190 2 6196 3 6200 1 6210 1 6318 1 6325 4 6334 2 6339 3 6449 1 6453 3 6462 2 6467 2 6577 2 6589 3 6701 1 6705 1 6836 1 7088 5 7219 1 7346 2 7353 1 7469 1 7472 4 7600 4 7607 2 7729 5 7851 2 7854 1 7858 3 7982 3 8112 4 8129 1 8132 1 8240 9 8260 1 8368 11 8495 8 8505 1 8622 7 8750 7 8879 8 9008 6 9023 2 9137 4 9263 5 9278 1 9388 7 9400 1 9406 2 9412 1 9516 7 9541 2 9644 7 9669 2 9772 3 9776 3 9800 1 9901 2 9904 2 9927 2 10029 2 10032 1 10157 1 10285 1 10288 2 10413 1 10415 3 10541 1 10544 2 10671 2 11054 1 11182 2 11310 1 11438 1 12585 1 12970 1 16257 2,10
733128db0ce4f09443fc561514458c7f,6079 1,6
733128db0ce4f09443fc561514458c7f,6080 1 6208 1,7
733128db0ce4f09443fc561514458c7f,16000 1 16128 1 16256 1 16383 2,2
2f556569b5f72e04cd73da21ff1144d4,1 2 257 1 385 2 513 1 641 1 769 1 897 1 1025 1,3
2f556569b5f72e04cd73da21ff1144d4,3 124 129 127 258 126 387 125 514 127 642 127 770 127 898 127 1026 254 1281 3519 4802 125 4930 370 5301 127 5431 125 5560 124 5689 14 5704 108 5818 11 5831 108 5946 10 5959 106 6073 10 6088 105 6203 13 6217 106 6325 2 6332 119 6454 1 6460 118 6583 2 6586 11 6598 1 6601 108 6711 12 6726 125 6852 117 6974 121 7103 117 7230 116 7355 5 7362 111 7487 1 7491 4 7496 104 7619 112 7748 115 7872 1 7876 99 7977 8 7987 3 7993 3 8000 1 8004 6 8012 3 8016 86 8104 10 8115 3 8121 3 8132 5 8140 2 8144 99 8244 4 8250 1 8259 7 8268 103 8373 4 8387 7 8395 102 8500 6 8516 1 8518 3 8523 101 8625 3 8629 5 8647 1 8650 2 8654 103 8768 1 8773 8 8782 92 8875 8 8895 3 8899 7 8908 1 8911 96 9008 4 9020 5 9029 6 9036 1 9038 97 9136 2 9140 4 9147 4 9156 4 9161 1 9163 53 9217 38 9257 14 9273 4 9285 3 9289 95 9385 13 9402 2 9410 1 9413 113 9528 1 9538 1 9540 111 9652 6 9660 2 9666 120 9788 2 9792 110 9903 11 9916 121 10038 6 10046 3 10052 100 10154 18 10175 1 10183 2 10187 1 10189 51 10241 40 10282 13 10298 2 10310 113 10437 114 10554 1 10556 1 10563 123 10688 120 10809 2 10815 106 10923 15 10942 108 11051 13 11069 109 11179 1 11181 11 11195 125 11323 116 11441 9 11451 128 11581 126 11709 126 11837 126 11964 4036 16001 127 16129 127 16259 124,27
2f556569b5f72e04cd73da21ff1144d4,127 2 384 1 512 1 8628 1,7
2f556569b5f72e04cd73da21ff1144d4,256 1,9
2f556569b5f72e04cd73da21ff1144d4,1280 1 8624 1 9216 1 9902 1,43
2f556569b5f72e04cd73da21ff1144d4,4800 2 4927 3 5300 1 5428 3 5556 4 5684 5 5703 1 5812 6 5829 2 5939 7 5956 3 6065 8 6083 5 6193 10 6216 1 6323 2 6327 5 6451 3 6455 5 6578 5 6585 1 6597 1 6599 2 6709 2 6723 3 6851 1 6969 5 7095 8 7220 10 7346 9 7360 2 7473 14 7488 3 7495 1 7600 19 7731 17 7863 9 7873 3 7975 2 7985 2 7990 3 7996 4 8001 3 8010 2 8015 1 8102 2 8114 1 8118 3 8124 8 8137 3 8142 2 8243 1 8248 2 8251 8 8266 2 8371 2 8377 10 8394 1 8497 3 8506 10 8517 1 8521 2 8634 13 8648 2 8652 2 8757 11 8769 4 8781 1 8874 1 8883 12 8898 1 8906 2 8909 2 9007 1 9012 8 9025 4 9035 1 9037 1 9135 1 9138 2 9144 3 9151 5 9160 1 9162 1 9255 2 9271 2 9277 8 9288 1 9384 1 9398 4 9404 6 9411 2 9526 2 9529 9 9539 1 9651 1 9658 2 9662 4 9786 2 9790 2 9914 2 10037 1 10044 2 10049 3 10152 2 10172 3 10176 7 10185 2 10188 1 10281 1 10295 3 10300 10 10423 14 10551 3 10555 1 10557 6 10686 2 10808 1 10811 4 10921 2 10938 4 11050 1 11064 5 11178 1 11180 1 11192 3 11320 3 11439 2 11450 1 11579 2 11707 2 11835 2 11963 1 16257 2,10
2f556569b5f72e04cd73da21ff1144d4,10240 1,39
2f556569b5f72e04cd73da21ff1144d4,16000 1 16128 1 16256 1 16383 2,2
4d41de545cfaf48804ea579802168dc4,1 2 129 1 257 1 385 2 513 1 641 1 769 1 897 1 16129 2 16257 3,3
4d41de545cfaf48804ea579802168dc4,3 125 130 126 258 126 387 126 514 127 642 127 770 127 898 4668 5567 375 5943 13 5957 111 6071 15 6087 109 6199 125 6328 125 6455 2192 8648 127 8776 2667 11444 2636 14081 127 14209 127 14337 127 14465 127 14593 127 14721 127 14849 127 14977 639 15617 127 15745 127 15873 126 16001 126 16131 124 16260 122,27
4d41de545cfaf48804ea579802168dc4,128 1 384 1,34
4d41de545cfaf48804ea579802168dc4,256 1 14080 1 14208 1 14336 1 14464 1 14592 1 14720 1 14848 1 14976 1 15616 1 15744 1 15872 1 15999 2 16127 1,39
4d41de545cfaf48804ea579802168dc4,5566 1 5942 1 5956 1 6068 3 6086 1 6196 3 6324 4 6453 2 8647 1 8775 1 11443 1,10
4d41de545cfaf48804ea579802168dc4,16128 1 16255 2 16382 3,2
356a5d0bd91c5f2ea94140f4e4ab24fc,1 4 127 2 383 2 5054 1 5056 5 5182 2 5185 6 5313 7 5441 8 5566 11 5694 9 5704 1 5824 4 5953 3 5960 1 6078 6 6085 4 6205 12 6331 15 6459 6 6471 1 6587 2 6591 2 6600 1 7104 3 7229 1 7358 1 7618 3 7740 2 7745 4 7750 1 7867 4 7873 6 7995 12 8123 9 8137 4 8252 2 8255 4 8384 1 8508 4 8635 3 15744 1 15872 1 16000 1 16128 1 16256 1,7
356a5d0bd91c5f2ea94140f4e4ab24fc,5 122 129 127 257 126 385 3 389 123 513 3261 3775 126 3904 12 3918 109 4032 11 4048 106 4176 103 4300 1 4302 105 4430 104 4541 14 4558 104 4669 11 4687 104 4795 1 4797 4 4804 1 4815 104 4922 1 4926 2 4943 105 5049 2 5055 1 5071 105 5177 2 5184 1 5199 104 5305 2 5311 1 5324 1 5327 104 5433 2 5437 2 5455 105 5564 2 5583 105 5693 1 5711 105 5835 2 5839 102 5942 1 5956 1 5967 102 6084 1 6095 104 6224 103 6330 1 6352 103 6457 2 6465 6 6481 106 6589 2 6593 5 6609 113 6724 5 6736 110 6852 5 6864 110 6977 8 6992 103 7096 2 7107 6 7120 103 7225 1 7228 1 7232 8 7248 110 7359 9 7376 104 7481 18 7502 50 7553 53 7609 9 7621 59 7681 54 7737 3 7742 2 7749 1 7751 4 7758 106 7865 2 7879 2 7887 49 7937 55 7994 1 8015 49 8065 54 8122 1 8141 106 8251 1 8263 112 8379 3 8389 114 8505 3 8512 1 8515 120 8638 322 8961 127 9089 127 9217 61 9279 2047 11327 1089 12417 127 12545 127 12673 127 12801 127 12929 127 13057 127 13185 127 13313 127 13441 127 13569 127 13697 127 13825 127 13953 127 14081 127 14209 127 14337 127 14465 127 14593 127 14721 127 14849 127 14977 127 15105 127 15233 127 15361 127 15489 115 15605 11 15617 127 15746 126 15874 126 16002 126 16130 126 16262 122,27
356a5d0bd91c5f2ea94140f4e4ab24fc,256 1,9
356a5d0bd91c5f2ea94140f4e4ab24fc,388 1 3774 1 3901 3 3916 2 4027 5 4043 5 4154 22 4279 21 4301 1 4407 23 4534 7 4555 3 4662 7 4680 7 4791 4 4796 1 4801 3 4805 10 4919 3 4923 3 4928 15 5048 1 5051 3 5061 10 5176 1 5179 3 5191 8 5303 2 5307 4 5320 4 5325 2 5431 2 5435 2 5449 6 5560 4 5577 6 5688 5 5705 6 5816 8 5828 3 5833 2 5837 2 5941 1 5943 10 5957 2 5961 6 6069 9 6089 6 6199 6 6217 7 6327 3 6346 6 6455 2 6473 8 6601 8 6722 2 6729 7 6846 6 6857 7 6974 3 6985 7 7095 1 7098 6 7113 7 7223 2 7226 2 7230 2 7240 8 7368 8 7480 1 7499 3 7606 3 7735 2 7744 1 7755 3 7864 1 7871 2 7881 6 7992 2 8007 8 8119 3 8132 5 8247 4 8254 1 8259 4 8375 4 8382 2 8385 4 8503 2 8513 2 9278 1 11326 1 15604 1 15745 1 15873 1 16001 1 16129 1 16257 5,10
356a5d0bd91c5f2ea94140f4e4ab24fc,512 1 16384 1,36
356a5d0bd91c5f2ea94140f4e4ab24fc,5312 1 5439 2,43
356a5d0bd91c5f2ea94140f4e4ab24fc,5703 1 5831 2 5959 1 6472 1 6598 2,34
356a5d0bd91c5f2ea94140f4e4ab24fc,7552 1 7680 1,2
356a5d0bd91c5f2ea94140f4e4ab24fc,7936 1 8064 1 8960 1 9088 1 9216 1 12416 1 12544 1 12672 1 12800 1 12928 1 13056 1 13184 1 13312 1 13440 1 13568 1 13696 1 13824 1 13952 1 14080 1 14208 1 14336 1 14464 1 14592 1 14720 1 14848 1 14976 1 15104 1 15232 1 15360 1 15488 1 15616 1,39
782f4ed69368eedc63b33ffed5c34cb8,1 2 7111 7,7
782f4ed69368eedc63b33ffed5c34cb8,3 125 129 127 257 127 385 127 513 2559 3073 1475 4549 629 5184 120 5312 119 5443 114 5560 6 5571 123 5699 123 5823 2 5827 125 5955 125 6081 127 6210 1 6212 124 6338 121 6461 3 6466 121 6594 2 6597 113 6711 3 6723 1 6725 111 6839 1 6846 1 6853 110 6966 3 6971 4 6979 1 6984 120 7105 6 7118 254 7377 114 7494 2 7497 121 7625 122 7748 387 8142 119 8262 1 8277 109 8387 3 8406 103 8511 4 8536 98 8635 2 8639 4 8664 94 8760 8 8769 2 8793 93 8887 9 8898 2 8922 103 9026 2 9050 107 9176 106 9285 2 9303 109 9413 3 9431 114 9559 115 9687 111 9799 1 9801 2 9812 2 9815 113 9930 2 9940 115 10069 114 10198 114 10326 112 10454 113 10569 1 10582 106 10690 8 10700 1 10711 41 10753 64 10820 3 10825 1 10828 2 10839 106 10953 1 10957 2 10967 106 11076 1 11081 1 11085 2 11095 105 11203 2 11208 2 11212 3 11224 100 11325 4 11331 3 11336 2 11340 3 11344 1 11351 115 11468 6 11475 1 11479 98 11583 11 11595 109 11711 122 11837 268 12107 125 12238 122 12362 387 12751 253 13005 2739 15745 127 15873 127 16001 127 16129 126 16259 124,27
782f4ed69368eedc63b33ffed5c34cb8,128 1 256 1 384 1 8386 1,34
782f4ed69368eedc63b33ffed5c34cb8,512 1 3072 1 10752 1,43
782f4ed69368eedc63b33ffed5c34cb8,4548 1 5178 6 5304 8 5431 12 5557 3 5566 5 5694 5 5822 1 5825 2 5952 3 6080 1 6208 2 6211 1 6336 2 6459 2 6464 2 6587 7 6596 1 6710 1 6714 9 6724 1 6836 3 6840 6 6847 6 6963 3 6969 2 6975 4 6980 4 7104 1 7372 5 7491 3 7496 1 7618 7 7747 1 8135 7 8261 1 8263 14 8390 16 8509 2 8515 21 8634 1 8637 2 8643 21 8758 2 8768 1 8771 22 8886 1 8896 2 8900 22 9025 1 9028 22 9157 19 9282 3 9287 16 9412 1 9416 15 9545 14 9674 13 9798 1 9800 1 9803 9 9814 1 9928 2 9932 8 10055 14 10183 15 10312 14 10439 15 10567 2 10570 12 10688 2 10698 2 10701 10 10817 3 10823 2 10826 2 10830 9 10945 8 10954 3 10959 8 11073 3 11077 4 11082 3 11087 8 11200 3 11205 3 11210 2 11215 9 11324 1 11329 2 11334 2 11338 2 11343 1 11345 6 11466 2 11474 1 11476 3 11577 6 11594 1 11704 7 11833 4 12105 2 12232 6 12360 2 12749 2 13004 1,10
782f4ed69368eedc63b33ffed5c34cb8,10438 1 16257 2,6
782f4ed69368eedc63b33ffed5c34cb8,15744 1 15872 1 16000 1 16128 1 16256 1 16384 1,36
782f4ed69368eedc63b33ffed5c34cb8,16255 1 16383 1,2
28f3172e9e96bb17c1f9ec3697b175bc,1 2 126 3 256 1,7
28f3172e9e96bb17c1f9ec3697b175bc,3 123 130 126 257 127 385 127 513 4018 4532 127 4661 126 4789 126 4917 127 5045 381 5427 127 5556 126 5684 894 6579 127 6708 123 6832 1 6836 121 6960 2 6964 4 6972 1 6975 110 7087 8 7105 114 7225 120 7353 121 7477 121 7599 127 7728 131 7862 118 7984 1 7990 116 8116 118 8242 122 8369 122 8495 123 8622 1290 9913 127 10041 1149 11191 123 11318 120 11440 1 11445 121 11567 3 11572 4300 15873 127 16001 127 16129 127 16259 124,27
28f3172e9e96bb17c1f9ec3697b175bc,129 1,39
28f3172e9e96bb17c1f9ec3697b175bc,384 1 512 1 15872 1,36
28f3172e9e96bb17c1f9ec3697b175bc,4531 1 4659 2 4787 2 4915 2 5044 1 5426 1 5554 2 5682 2 6578 1 6706 2 6831 1 6833 3 6957 3 6962 2 6968 4 6973 2 7085 2 7095 10 7219 6 7345 8 7474 3 7598 1 7726 2 7859 3 7980 4 7985 5 8106 10 8234 8 8364 5 8491 4 8618 4 9912 1 10040 1 11190 1 11314 4 11438 2 11441 4 11566 1 11570 2 16257 2,10
28f3172e9e96bb17c1f9ec3697b175bc,16000 1 16128 1 16256 1 16383 2,2
9ac4f47132fe867a5bef9e999fe562fd,1 2 129 2 257 2 385 3 513 2 641 2 769 2 897 1 1025 1 1153 1 1281 1 1409 1 1537 1 1665 1 1793 1 15233 1 15361 1 15489 2 15617 2 15745 2 15873 2 16001 3 16129 4 16257 5 16266 1,3
9ac4f47132fe867a5bef9e999fe562fd,3 125 131 125 259 125 388 124 515 126 643 125 771 125 898 126 1026 127 1154 127 1282 127 1410 127 1538 127 1666 127 1794 2759 4555 126 4683 389 5074 386 5461 4993 10456 230 10687 2 10692 240 10938 772 11717 113 11831 3 11837 1 11846 110 11974 108 12103 106 12231 106 12359 104 12474 1 12486 106 12610 1 12612 1 12614 107 12738 3 12744 112 12866 120 12994 122 13122 123 13249 125 13377 126 13505 127 13633 447 14081 1151 15234 127 15362 126 15491 126 15619 125 15747 125 15875 125 16004 124 16133 122 16262 4 16267 112,27
9ac4f47132fe867a5bef9e999fe562fd,128 1 256 1 384 1 512 1 16256 1,34
9ac4f47132fe867a5bef9e999fe562fd,768 1 896 1 1024 1 16128 1,39
9ac4f47132fe867a5bef9e999fe562fd,4553 2 4681 2 5072 2 10454 2 10686 1 10689 3 10932 6 11710 7 11830 1 11834 3 11838 8 11956 18 12082 21 12209 22 12337 22 12463 11 12475 11 12592 18 12611 1 12613 1 12721 17 12741 3 12856 10 12986 8 13116 6 13245 4 13374 3 13503 2 13632 1,10
9ac4f47132fe867a5bef9e999fe562fd,5460 1,6
9ac4f47132fe867a5bef9e999fe562fd,14080 1 15232 1 15488 1 15744 1 15872 1 16000 1 16255 1 16379 5,2
9ac4f47132fe867a5bef9e999fe562fd,16384 1,40
7c3c0cd188f831a4533f8aa2f5902b64,1 2 6840 2 6968 2 9657 3 9661 2,7
7c3c0cd188f831a4533f8aa2f5902b64,3 125 131 125 257 256 514 127 642 4150 4793 254 5049 126 5177 127 5305 127 5433 765 6199 127 6328 126 6456 124 6582 258 6842 126 6970 2687 9660 1 9663 1411 11075 4 11080 122 11203 4 11208 127 11337 126 11465 55 11521 70 11593 124 11718 127 11848 125 11975 3769 15745 127 15873 127 16001 127 16129 127 16259 124,27
7c3c0cd188f831a4533f8aa2f5902b64,128 1,34
7c3c0cd188f831a4533f8aa2f5902b64,129 2 11520 1,39
7c3c0cd188f831a4533f8aa2f5902b64,256 1,9
7c3c0cd188f831a4533f8aa2f5902b64,513 1 641 1,3
7c3c0cd188f831a4533f8aa2f5902b64,4792 1 5047 2 5175 2 5304 1 5432 1 6198 1 6326 2 6454 2 6580 2 11074 1 11079 1 11202 1 11207 1 11335 2 11463 2 11591 2 11717 1 11845 3 11973 2,10
7c3c0cd188f831a4533f8aa2f5902b64,15744 1 15872 1 16000 1 16128 1 16256 1 16384 1,36
7c3c0cd188f831a4533f8aa2f5902b64,16257 2,6
7c3c0cd188f831a4533f8aa2f5902b64,16383 1,2
1e7e2c402bc778bc18e941c333d46368,1 2 128 3 256 3 385 2 513 1 641 1 16257 2,3
1e7e2c402bc778bc18e941c333d46368,3 125 131 125 259 125 387 125 514 127 642 3898 4541 127 4669 1 4671 125 4800 124 4925 1 4934 120 5056 2 5065 121 5189 2 5194 120 5316 3 5322 1 5326 115 5444 4 5450 2 5454 1 5456 10 5468 87 5561 8 5571 4 5576 18 5600 88 5690 20 5711 13 5725 88 5814 5 5820 1 5825 13 5843 106 5953 6 5960 2 5965 3 5971 11 5983 79 6065 15 6084 2 6087 3 6093 4 6102 2 6106 102 6209 1 6213 15 6230 108 6341 15 6359 108 6468 2 6472 1 6474 4 6480 4 6486 112 6604 2 6609 3 6615 41 6657 69 6731 5 6738 2 6743 5 6749 35 6785 67 6855 9 6867 2 6872 2 6877 35 6913 82 7003 37 7041 54 7098 26 7129 39 7169 54 7225 3 7229 23 7253 43 7297 55 7353 3 7360 2 7363 4 7369 55 7425 52 7481 2 7496 108 7623 109 7746 114 7874 110 7985 3 7992 2 8004 3 8008 13 8022 89 8113 11 8133 2 8136 104 8241 9 8260 3 8264 113 8388 108 8497 1 8499 5 8515 109 8628 3 8643 108 8756 4 8770 109 8884 5 8896 112 9011 7 9022 124 9150 124 9277 120 9398 632 10031 125 10157 1 10161 123 10285 2 10288 123 10416 123 10544 126 10672 124 10797 273 11071 127 11199 375 11576 126 11704 126 11833 122 11961 125 12088 126 12216 126 12344 126 12472 126 12599 127 12727 3273 16001 127 16129 127 16259 124,27
1e7e2c402bc778bc18e941c333d46368,384 1,34
1e7e2c402bc778bc18e941c333d46368,512 1 6656 1 6784 1 6912 1 7040 1 7168 1 7296 1 7424 1 16000 1 16128 1 16256 1,39
1e7e2c402bc778bc18e941c333d46368,4540 1 4668 1 4670 1 4796 4 4924 1 4926 8 5054 2 5058 7 5186 3 5191 3 5314 2 5319 3 5323 3 5441 3 5448 2 5452 2 5455 1 5466 2 5569 2 5575 1 5594 6 5710 1 5724 1 5813 1 5821 4 5838 5 5949 4 5959 1 5962 3 5968 3 5982 1 6062 3 6080 1 6083 1 6086 1 6090 3 6097 5 6104 2 6208 1 6210 3 6228 2 6338 3 6356 3 6467 1 6470 2 6473 1 6478 2 6484 2 6598 6 6606 3 6612 3 6726 5 6736 2 6740 3 6748 1 6852 3 6864 3 6869 3 6874 3 6995 8 7095 3 7124 5 7223 2 7228 1 7252 1 7352 1 7356 4 7362 1 7367 2 7477 4 7483 13 7604 19 7732 14 7860 14 7984 1 7988 4 7994 10 8007 1 8021 1 8111 2 8124 9 8135 1 8240 1 8250 10 8263 1 8377 11 8496 1 8498 1 8504 11 8624 4 8631 12 8751 5 8760 10 8879 5 8889 7 9008 3 9018 4 9146 4 9274 3 9397 1 10030 1 10156 1 10158 3 10284 1 10287 1 10411 5 10539 5 10670 2 10796 1 11070 1 11198 1 11574 2 11702 2 11830 3 11955 6 12086 2 12214 2 12342 2 12470 2 12598 1 12726 1,10
1e7e2c402bc778bc18e941c333d46368,5555 6 5688 2 5819 1 6081 2,6
1e7e2c402bc778bc18e941c333d46368,16383 2,2
deab9c33ce187b69cff3e1b226ddd8ac,1 2 257 1 385 1 513 1 641 1,3
deab9c33ce187b69cff3e1b226ddd8ac,3 125 129 127 258 126 386 126 514 127 642 126 769 127 897 127 1025 127 1153 127 1281 1023 2305 127 2433 127 2561 127 2689 127 2817 2348 5167 126 5295 3 5299 122 5423 5 5430 118 5550 6 5558 74 5633 43 5677 83 5761 45 5809 125 5937 126 6067 124 6194 125 6323 126 6450 2 6453 124 6578 3 6582 128 6711 383 7096 14 7112 123 7236 126 7363 124 7489 125 7619 124 7748 125 7880 129 8012 126 8140 504 8645 1851 10497 1535 12033 1979 14013 1987 16001 127 16129 127 16259 124,27
deab9c33ce187b69cff3e1b226ddd8ac,128 1 256 1 384 1 512 1,34
deab9c33ce187b69cff3e1b226ddd8ac,768 1 896 1 1024 1,18
deab9c33ce187b69cff3e1b226ddd8ac,1152 1 1280 1 2304 1 2432 1 2560 1 2688 1 2816 1 10496 1 12032 1,39
deab9c33ce187b69cff3e1b226ddd8ac,5165 2 5293 2 5298 1 5421 2 5428 2 5548 2 5556 2 5676 1 5806 3 5934 3 6063 4 6191 3 6319 4 6449 1 6452 1 6577 1 6581 1 6710 1 7094 2 7110 2 7235 1 7362 1 7487 2 7614 5 7743 5 7873 7 8009 3 8138 2 8644 1 14012 1 16258 1,10
deab9c33ce187b69cff3e1b226ddd8ac,5632 1 5760 1 16383 2,2
deab9c33ce187b69cff3e1b226ddd8ac,16000 1 16128 1 16256 1,36
deab9c33ce187b69cff3e1b226ddd8ac,16257 1,6
aadf0ebc661744048a0642fb922912b1,1 2 257 1 385 2 513 1 641 1 16257 2,3
aadf0ebc661744048a0642fb922912b1,3 125 129 127 258 127 387 126 514 127 642 3630 4273 249 4525 1304 5831 357 6189 126 6319 124 6447 127 6575 15 6593 104 6698 126 6826 126 6954 34 6989 225 7215 3 7219 27 7247 2 7251 91 7343 3 7347 27 7378 124 7505 90 7596 4 7605 5 7611 1 7613 6 7621 5 7629 94 7724 6 7733 15 7749 125 7877 125 8004 102 8107 23 8131 127 8259 380 8640 642 9283 127 9411 261 9673 1248 10922 24 10947 489 11438 18 11460 123 11587 124 11714 126 11843 125 11971 6 11978 4 11983 244 12228 126 12357 125 12485 126 12612 515 13128 127 13256 126 13383 2617 16001 127 16129 127 16259 125,27
aadf0ebc661744048a0642fb922912b1,128 1,34
aadf0ebc661744048a0642fb922912b1,256 1,39
aadf0ebc661744048a0642fb922912b1,4272 1 4522 3 5829 2 6188 1 6315 4 6443 4 6574 1 6590 3 6697 1 6824 2 6952 2 6988 1 7214 1 7218 1 7246 1 7249 2 7342 1 7346 1 7374 4 7502 3 7595 1 7600 5 7610 1 7612 1 7619 2 7626 3 7723 1 7730 3 7748 1 7874 3 8002 2 8106 1 8130 1 8258 1 8639 1 9282 1 9410 1 9672 1 10921 1 10946 1 11436 2 11456 4 11583 4 11711 3 11840 3 11968 3 11977 1 11982 1 12227 1 12354 3 12482 3 12611 1 13127 1 13255 1 13382 1,10
aadf0ebc661744048a0642fb922912b1,16000 1 16128 1 16256 1 16384 1,2
f90c231e3eab5e147368c77592b6a7f7,1 2 7992 1 8120 2 9406 1 10694 1 10822 1 10950 1,7
f90c231e3eab5e147368c77592b6a7f7,3 125 129 127 257 1407 1665 127 1793 1151 2945 127 3073 443 3517 751 4269 779 5050 121 5172 3 5177 122 5301 2 5305 122 5429 2 5433 122 5560 120 5688 120 5816 119 5943 121 6070 122 6198 120 6325 122 6450 1 6453 29 6483 93 6577 3 6581 123 6705 3 6709 126 6837 126 6965 127 7093 124 7218 2 7221 124 7346 135 7482 119 7602 6 7621 108 7730 6 7742 3 7749 13 7763 97 7861 3 7865 127 7993 127 8122 282 8405 101 8507 117 8625 4 8632 120 8753 5 8759 121 8881 127 9009 255 9265 126 9395 11 9407 4 9413 106 9521 16 9541 103 9649 15 9671 121 9795 102 9899 17 9924 122 10051 125 10179 5 10186 116 10304 8 10313 99 10415 3 10419 8 10428 2 10432 6 10441 114 10560 6 10570 95 10667 5 10674 10 10688 2 10691 2 10695 2 10698 2 10702 91 10794 4 10803 3 10807 7 10816 5 10823 1 10826 2 10829 97 10931 19 10951 1 10955 98 11057 1 11059 22 11083 98 11184 2 11187 22 11211 101 11313 2 11317 118 11436 7 11445 124 11572 125 11699 124 11824 3920 15745 127 15873 127 16001 127 16129 127 16259 124,27
f90c231e3eab5e147368c77592b6a7f7,128 1 256 1,34
f90c231e3eab5e147368c77592b6a7f7,1664 1 1792 1 2944 1 3072 1,43
f90c231e3eab5e147368c77592b6a7f7,3516 1 4268 1 5048 2 5171 1 5175 2 5299 2 5303 2 5427 2 5431 2 5555 5 5680 8 5808 8 5935 8 6064 6 6192 6 6318 7 6447 3 6451 2 6482 1 6576 1 6580 1 6704 1 6708 1 6835 2 6963 2 7092 1 7217 1 7220 1 7345 1 7481 1 7601 1 7608 13 7729 1 7736 6 7745 4 7762 1 7860 1 7864 1 8404 1 8506 1 8624 1 8629 3 8752 1 8758 1 8880 1 9008 1 9264 1 9391 4 9411 2 9519 2 9537 4 9644 5 9664 7 9792 3 9897 2 9916 8 10046 5 10176 3 10184 2 10302 2 10312 1 10412 3 10418 1 10427 1 10430 2 10438 3 10555 5 10566 4 10665 2 10672 2 10684 4 10693 1 10697 1 10700 2 10793 1 10798 5 10806 1 10814 2 10821 1 10824 2 10828 1 10926 5 10952 3 11053 4 11058 1 11081 2 11181 3 11186 1 11209 2 11312 1 11315 2 11435 1 11443 2 11569 3 11697 2 11823 1 16257 2,10
f90c231e3eab5e147368c77592b6a7f7,10690 1,6
f90c231e3eab5e147368c77592b6a7f7,15744 1 15872 1 16000 1 16128 1 16256 1 16384 1,36
f90c231e3eab5e147368c77592b6a7f7,16383 1,2
8edb034e1536833519aa3ba46d0f8a4c,1 2 128 3 256 3 385 2 513 2 641 2 769 2 897 2 1025 2 1153 2 14593 1 14849 1 14977 1 15105 1 15873 1 16001 2 16129 3 16258 2 16280 1,3
8edb034e1536833519aa3ba46d0f8a4c,3 125 131 124 259 124 387 125 515 125 643 125 771 125 899 125 1027 125 1155 125 1281 3199 4481 127 4609 183 4793 711 5505 127 5633 127 5761 255 6017 127 6145 127 6273 127 6401 127 6529 127 6657 127 6785 127 6913 127 7041 127 7169 73 7244 52 7297 73 7373 51 7425 73 7501 51 7553 57 7611 15 7628 52 7681 57 7739 15 7755 53 7809 57 7867 69 7937 57 7995 69 8065 127 8193 127 8321 185 8507 69 8577 57 8635 69 8705 57 8763 69 8833 54 8888 2 8891 69 8961 54 9016 2 9019 69 9089 54 9144 2 9147 2 9150 66 9217 54 9272 2 9276 68 9345 55 9401 1 9405 67 9473 57 9531 1 9534 66 9601 55 9657 71 9729 57 9787 69 9857 57 9915 69 9985 127 10113 65 10179 61 10241 127 10369 127 10497 127 10625 127 10753 127 10881 127 11009 127 11137 127 11265 127 11393 127 11521 127 11649 127 11777 127 11905 127 12033 127 12161 127 12289 127 12417 127 12545 127 12673 127 12801 127 12929 127 13057 127 13185 127 13313 127 13441 127 13569 127 13697 127 13825 127 13953 35 13989 91 14081 127 14209 127 14337 127 14465 127 14594 126 14721 128 14850 126 14978 126 15106 126 15233 127 15361 127 15489 383 15874 126 16003 125 16132 124 16260 20 16281 97 16379 4,27
8edb034e1536833519aa3ba46d0f8a4c,255 1 383 2 512 1 4792 1 9400 1 9656 1,34
8edb034e1536833519aa3ba46d0f8a4c,640 1 768 1 896 1 1024 1 1152 1 1280 1 4480 1 4608 1 5504 1 5632 1 5760 1 6016 1 6144 1 6272 1 6400 1 6528 1 6656 1 6784 1 6912 1 7040 1 7168 1 7296 1 7424 1 7552 1 7680 1 7808 1 7936 1 8064 1 8192 1 8320 1 8576 1 8704 1 8832 1 8960 1 9088 1 9216 1 9344 1 9472 1 9600 1 9728 1 9856 1 9984 1 10112 1 10240 1 10368 1 10496 1 10624 1 10752 1 10880 1 11008 1 11136 1 11264 1 11392 1 11520 1 11648 1 11776 1 11904 1 12032 1 12160 1 12288 1 12416 1 12544 1 12672 1 12800 1 12928 1 13056 1 13184 1 13312 1 13440 1 13568 1 13696 1 13824 1 13952 1 14080 1 14208 1 14336 1 14464 1 14592 1 14720 1 14976 1 15104 1 15232 1 15360 1 15488 1 15872 1 16000 1 16128 1 16256 1,39
8edb034e1536833519aa3ba46d0f8a4c,7242 2 7370 3 7498 3 7626 2 7754 1,6
8edb034e1536833519aa3ba46d0f8a4c,7610 1 7738 1 7866 1 7994 1 8506 1 8634 1 8762 1 8887 1 8890 1 9015 1 9018 1 9143 1 9146 1 9149 1 9271 1 9274 2 9402 3 9530 1 9532 2 9786 1 9914 1 10178 1 13988 1 16257 1,10
8edb034e1536833519aa3ba46d0f8a4c,16378 1 16383 2,2
06ecffe481441947fcc9c8cadc8d07ee,1 2 129 2 257 2 385 2 513 2 641 2 769 1 897 1 1025 1 16258 1,3
06ecffe481441947fcc9c8cadc8d07ee,3 125 131 125 259 125 387 126 515 126 643 126 770 127 898 127 1026 7616 8643 7485 16129 127 16259 124,27
06ecffe481441947fcc9c8cadc8d07ee,128 1 256 1 384 1,34
06ecffe481441947fcc9c8cadc8d07ee,8642 1 16257 1,10
06ecffe481441947fcc9c8cadc8d07ee,16128 1 16256 1 16383 2,2
b1a6657a8d2f74010b28d8a9d47be111,1 2 127 1,7
b1a6657a8d2f74010b28d8a9d47be111,3 124 129 127 257 127 385 127 513 8110 8627 126 8754 139 8894 373 9268 1 9270 125 9396 1660 11057 126 11185 3407 14593 127 14721 127 14849 127 14977 127 15105 767 15873 127 16001 127 16131 125 16260 122,27
b1a6657a8d2f74010b28d8a9d47be111,128 1 256 1 384 1 15872 1,34
b1a6657a8d2f74010b28d8a9d47be111,512 1 14592 1 14720 1 14848 1 14976 1 15104 1 16000 1 16128 1,39
b1a6657a8d2f74010b28d8a9d47be111,8623 4 8753 1 8893 1 9267 1 9269 1 9395 1 11056 1 11183 2,10
b1a6657a8d2f74010b28d8a9d47be111,16129 2 16257 3,3
b1a6657a8d2f74010b28d8a9d47be111,16256 1 16382 3,2
948f43eb75823eaa79a478ff704d1c6d,1 2 128 3 256 3 385 2 513 2 641 2 769 2 897 1 1025 1 1153 1 1281 1 1409 1 1537 1 1665 1 14593 1 14721 1 16001 1 16129 2 16257 3 16274 1,3
948f43eb75823eaa79a478ff704d1c6d,3 125 131 125 259 124 387 125 515 125 643 125 771 125 898 126 1026 126 1154 126 1282 126 1410 126 1538 127 1666 3135 4802 1175 5978 742 6721 125 6847 1 6849 127 6977 127 7105 127 7234 126 7361 15 7377 127 7505 127 7633 127 7761 127 7889 127 8017 127 8145 127 8273 111 8385 15 8401 111 8514 14 8529 111 8642 126 8770 126 8897 512 9410 126 9538 126 9667 118 9786 6 9795 117 9914 2 9920 5 9926 114 10042 2 10050 119 10170 3 10179 122 10306 123 10431 1 10433 125 10559 1 10561 245 10807 18 10826 127 10954 127 11082 7 11090 127 11218 90 11309 4 11314 122 11437 3 11442 24 11468 114 11584 11 11596 113 11712 120 11834 3 11840 113 11954 6 11962 3 11969 121 12092 1 12097 22 12120 98 12221 1 12226 21 12248 88 12337 9 12348 26 12376 88 12465 9 12476 26 12504 40 12545 46 12593 9 12604 68 12673 51 12727 4 12734 22 12757 43 12801 192 12994 2 12997 59 13057 64 13122 2 13125 59 13185 52 13239 5 13246 3 13253 59 13313 52 13367 10 13381 124 13506 1 13509 2 13513 120 13635 1 13640 120 13763 1 13768 120 13889 3 13893 700 14594 127 14722 1279 16002 126 16131 125 16260 14 16275 109,27
948f43eb75823eaa79a478ff704d1c6d,383 2 512 1 640 1,34
948f43eb75823eaa79a478ff704d1c6d,768 1 896 1 1024 1 1152 1 1280 1 1408 1 1536 1,18
948f43eb75823eaa79a478ff704d1c6d,4801 1 5977 1 6720 1 6846 1 6848 1 6976 1 7104 1 7232 2 7360 1 7376 1 7504 1 7632 1 7760 1 7888 1 8016 1 8144 1 8272 1 8384 1 8400 1 8512 2 8528 1 8640 2 8768 2 8896 1 9409 1 9536 2 9664 3 9785 1 9792 3 9912 2 9916 4 9925 1 10040 2 10044 6 10169 1 10173 6 10301 5 10429 2 10432 1 10558 1 10560 1 10806 1 10825 1 10953 1 11081 1 11089 1 11217 1 11308 1 11313 1 11436 1 11440 2 11466 2 11582 2 11595 1 11709 3 11832 2 11837 3 11953 1 11960 2 11965 4 12090 2 12093 4 12119 1 12218 3 12222 4 12247 1 12336 1 12346 2 12374 2 12464 1 12474 2 12502 2 12591 2 12602 2 12724 3 12731 3 12756 1 12993 1 12996 1 13121 1 13124 1 13237 2 13244 2 13249 4 13365 2 13377 4 13505 1 13507 2 13511 2 13633 2 13636 4 13760 3 13764 4 13888 1 13892 1,10
948f43eb75823eaa79a478ff704d1c6d,12544 1 12672 1 12800 1 13056 1 13184 1 13312 1,39
948f43eb75823eaa79a478ff704d1c6d,16128 1 16256 1 16384 1,2
b6b563c14cfb7911932d24d22ffe5041,1 3,7
b6b563c14cfb7911932d24d22ffe5041,4 124 129 127 257 127 385 255 641 127 769 127 897 1151 2049 2474 4524 259 4786 126 4915 119 5035 6 5043 119 5164 126 5292 6 5301 117 5419 9 5430 116 5551 6 5559 117 5677 8 5686 1012 6702 125 6828 1 6830 15 6846 244 7098 114 7214 1 7223 2 7226 114 7348 121 7475 117 7593 137 7731 5 7737 127 7866 6 7875 112 7990 1 7993 1 7996 6 8003 112 8125 111 8253 5 8259 103 8382 4 8387 102 8510 106 8639 104 8766 3 8770 101 8894 104 9022 105 9149 105 9277 104 9396 1 9404 4 9409 101 9522 3 9532 1 9534 104 9647 1 9649 4 9659 1 9662 6 9669 98 9773 8 9784 2 9791 118 9911 1 9913 3 9920 118 10043 1 10048 5 10059 105 10165 1 10177 3 10187 106 10305 4 10314 105 10434 2 10440 109 10562 2 10567 97 10666 13 10690 2 10694 109 10806 1 10822 110 10950 99 11050 8 11059 2 11076 98 11182 3 11187 4 11203 99 11303 2 11310 8 11330 104 11438 1 11442 4 11457 103 11570 3 11584 104 11695 4 11710 106 11838 106 11955 3 11960 1 11966 106 12080 1 12094 106 12206 4 12216 2 12222 106 12334 4 12344 2 12349 108 12462 2 12466 9 12477 110 12589 2 12593 11 12605 119 12727 7 12735 115 12854 6 12861 1 12863 114 12982 74 13057 48 13106 11 13118 126 13246 126 13374 126 13502 127 13630 127 13758 247 14007 127 14135 2 14139 122 14266 198 14465 127 14593 127 14721 127 14849 127 14977 127 15105 127 15234 126 15361 127 15489 127 15617 127 15745 127 15873 127 16001 127 16131 125 16259 115 16375 9,27
b6b563c14cfb7911932d24d22ffe5041,128 1 256 1 384 1 768 1 896 1 2048 1,34
b6b563c14cfb7911932d24d22ffe5041,640 1,43
b6b563c14cfb7911932d24d22ffe5041,4523 1 4783 3 4912 3 5034 1 5041 2 5162 2 5290 2 5298 3 5418 1 5428 2 5546 5 5557 2 5676 1 5685 1 6698 4 6827 1 6829 1 6845 1 7090 8 7212 2 7215 8 7225 1 7340 8 7469 6 7592 1 7730 1 7736 1 7864 2 7872 3 7987 3 7991 2 7994 2 8002 1 8115 10 8236 17 8258 1 8362 20 8386 1 8489 21 8616 23 8743 23 8769 1 8871 23 8998 24 9127 22 9254 23 9381 15 9397 7 9408 1 9510 12 9525 7 9533 1 9638 9 9648 1 9653 6 9660 2 9668 1 9767 6 9781 3 9786 5 9909 2 9912 1 9916 4 10038 5 10044 4 10053 6 10164 1 10166 11 10180 7 10293 12 10309 5 10419 15 10436 4 10549 13 10564 3 10664 2 10679 11 10692 2 10803 3 10807 15 10932 18 11049 1 11058 1 11061 15 11174 8 11185 2 11191 12 11302 1 11305 5 11318 12 11434 4 11439 3 11446 11 11560 10 11573 11 11688 7 11699 11 11816 22 11944 11 11958 2 11961 5 12072 8 12081 13 12200 6 12210 6 12218 4 12328 6 12338 6 12346 3 12457 5 12464 2 12475 2 12587 2 12591 2 12604 1 12724 3 12734 1 12850 4 12860 1 12862 1 12977 5 13105 1 13117 1 13244 2 13372 2 13500 2 13629 1 13757 1 14005 2 14134 1 14137 2 14261 5 16374 1,10
b6b563c14cfb7911932d24d22ffe5041,13056 1 14464 1 14592 1 14720 1 14848 1 14976 1 15104 1 15232 1 15360 1 15488 1 15616 1 15744 1 15872 1 16000 1 16128 1,39
b6b563c14cfb7911932d24d22ffe5041,15233 1 16129 2 16256 3 16384 1,3
9d7ca1cd81a209382eec1f19d6737659,1 2 129 2 257 2 385 3 513 2 641 2 769 2 897 2 1025 1 1153 1 1281 1 1409 1 1537 1 1665 1,3
9d7ca1cd81a209382eec1f19d6737659,3 125 131 125 259 125 388 124 515 126 643 125 771 125 899 125 1026 127 1154 127 1282 127 1410 127 1538 127 1666 1874 3541 127 3669 127 3797 983 4782 772 5559 120 5688 122 5812 1 5817 123 5943 124 6070 249 6323 35 6359 221 6585 1 6588 126 6715 893 7609 1418 9030 508 9542 124 9670 124 9798 124 9925 893 10819 127 10948 126 11075 127 11203 127 11331 4413 15745 127 15873 127 16001 127 16129 127 16259 124,27
9d7ca1cd81a209382eec1f19d6737659,128 1 256 1 384 1 512 1,34
9d7ca1cd81a209382eec1f19d6737659,768 1 896 1,18
9d7ca1cd81a209382eec1f19d6737659,1024 1,39
9d7ca1cd81a209382eec1f19d6737659,3540 1 3668 1 3796 1 4780 2 5554 5 5679 9 5810 2 5813 4 5940 3 6067 3 6319 4 6580 5 6586 2 6714 1 7608 1 9027 3 9538 4 9666 4 9794 4 9922 3 10818 1 10946 2 11074 1 11202 1 11330 1 16258 1,10
9d7ca1cd81a209382eec1f19d6737659,6358 1 16257 1,6
9d7ca1cd81a209382eec1f19d6737659,15744 1 15872 1 16000 1 16128 1 16256 1 16384 1,36
9d7ca1cd81a209382eec1f19d6737659,16383 1,2
93265e9715313c69315a377426eccaef,1 1 385 1 513 1 641 1,3
93265e9715313c69315a377426eccaef,2 383 386 126 514 126 642 4410 5053 1 5055 1 5058 4 5063 116 5183 1 5186 3 5191 116 5309 3 5313 5 5321 99 5421 14 5436 4 5441 6 5449 98 5551 1 5553 10 5564 12 5577 99 5678 127 5806 24 5831 128 5960 124 6085 2 6089 115 6205 2 6210 124 6338 4 6343 118 6467 5 6473 112 6595 6 6602 1 6604 108 6719 3 6723 6 6731 109 6844 8 6855 2 6859 103 6963 5 6972 5 6985 99 7085 12 7099 1 7112 112 7234 3 7239 111 7357 1 7360 113 7483 3 7489 112 7611 2 7617 3 7621 6 7628 104 7737 2 7741 4 7748 2 7751 117 7870 4 7875 3 7879 112 7994 1 7999 3 8004 2 8007 4 8012 107 8121 2 8124 2 8133 1 8135 105 8256 1 8261 3 8266 101 8369 1 8384 1 8389 4 8394 101 8497 2 8508 1 8510 5 8517 109 8636 8 8645 108 8761 1 8765 4 8770 111 8884 1 8889 2 8898 110 9017 1 9025 111 9144 1 9151 115 9268 3 9278 113 9392 6 9400 2 9405 114 9520 6 9528 126 9656 126 9786 122 9910 2 9917 1 9923 113 10037 2 10040 6 10049 114 10164 2 10168 8 10177 5951 16129 127 16259 124,27
93265e9715313c69315a377426eccaef,512 1 640 1,34
93265e9715313c69315a377426eccaef,5052 1 5054 1 5056 2 5062 1 5179 4 5184 2 5189 2 5307 2 5312 1 5318 3 5420 1 5435 1 5440 1 5447 2 5547 4 5552 1 5563 1 5576 1 5676 2 5805 1 5830 1 5959 1 6084 1 6087 2 6204 1 6207 3 6334 4 6342 1 6461 6 6472 1 6585 10 6601 1 6603 1 6712 7 6722 1 6729 2 6840 4 6852 3 6857 2 6962 1 6968 4 6977 8 7084 1 7097 2 7100 12 7224 10 7237 2 7350 7 7358 2 7473 10 7486 3 7601 10 7613 4 7620 1 7627 1 7732 5 7739 2 7745 3 7750 1 7868 2 7874 1 7878 1 7991 3 7995 4 8002 2 8006 1 8011 1 8119 2 8123 1 8126 7 8134 1 8240 16 8257 4 8264 2 8367 2 8370 14 8385 4 8393 1 8495 2 8499 9 8509 1 8515 2 8626 10 8644 1 8753 8 8762 3 8769 1 8881 3 8885 4 8891 7 9008 9 9018 7 9136 8 9145 6 9266 2 9271 7 9391 1 9398 2 9402 3 9519 1 9526 2 9654 2 9782 4 9908 2 9912 5 9918 5 10036 1 10039 1 10046 3 10163 1 10166 2 10176 1 16258 1,10
93265e9715313c69315a377426eccaef,16128 1 16256 1 16383 1,2
93265e9715313c69315a377426eccaef,16257 1,6
93265e9715313c69315a377426eccaef,16384 1,36
cef7317d699eb4899f181a570b1502e0,1 1 257 1 385 1 513 1 641 1 769 1,3
cef7317d699eb4899f181a570b1502e0,2 126 129 128 258 127 386 127 514 127 642 127 770 4521 5292 400 5693 113 5808 12 5823 1 5825 106 5932 2 5936 12 5949 1 5953 106 6060 2 6066 9 6083 104 6188 1 6194 10 6210 105 6316 1 6319 1 6323 8 6339 103 6445 3 6451 8 6467 102 6573 1 6575 1 6579 10 6595 102 6700 2 6708 10 6723 104 6828 1 6836 9 6851 106 6964 9 6975 1 6979 105 7093 9 7103 2 7109 104 7220 12 7236 104 7348 13 7364 104 7477 11 7490 106 7599 1 7606 9 7617 106 7724 2 7734 117 7862 7 7870 108 7984 1 7987 2 7990 117 8112 2 8116 14 8132 100 8233 2 8244 14 8261 99 8361 3 8372 16 8389 99 8489 3 8500 115 8617 3 8622 121 8746 126 8874 126 9007 2 9012 116 9140 117 9262 1 9269 117 9387 1 9390 2 9397 117 9515 2 9518 383 9902 127 10030 130 10162 126 10289 121 10411 127 10539 125 10666 127 10794 894 11689 521 12211 388 12600 127 12728 127 12856 127 12984 128 13113 126 13241 126 13368 125 13494 2506 16001 126 16129 126 16259 125,27
cef7317d699eb4899f181a570b1502e0,128 1,34
cef7317d699eb4899f181a570b1502e0,5291 1 5692 1 5806 2 5820 3 5824 1 5931 1 5934 2 5948 1 5950 3 6059 1 6062 4 6075 8 6187 1 6189 5 6204 6 6315 1 6317 2 6320 3 6331 8 6442 3 6448 3 6459 8 6569 4 6574 1 6576 3 6589 6 6697 3 6702 6 6718 5 6827 1 6829 7 6845 6 6957 7 6973 2 6976 3 7084 9 7102 1 7105 4 7213 7 7232 4 7340 8 7361 3 7468 9 7488 2 7596 3 7600 6 7615 2 7723 1 7726 8 7851 11 7869 1 7978 6 7985 2 7989 1 8107 5 8114 2 8130 2 8232 1 8235 9 8258 3 8360 1 8364 8 8388 1 8488 1 8492 8 8615 2 8620 2 8743 3 8872 2 9000 7 9009 3 9128 12 9257 5 9263 6 9386 1 9388 2 9392 5 9514 1 9517 1 9901 1 10029 1 10160 2 10288 1 10410 1 10538 1 10664 2 10793 1 11688 1 12210 1 12599 1 12727 1 12855 1 12983 1 13112 1 13239 2 13367 1 13493 1 16257 2,10
cef7317d699eb4899f181a570b1502e0,16000 1 16127 2 16255 1,2
cef7317d699eb4899f181a570b1502e0,16256 1 16384 1,36
